,Player Name,Team,Position,w,k,sv,era,whip,score
0,Clayton Kershaw,LAD,SP,18,241,0,2.17,0.97,3701
1,Felix Hernandez,SEA,SP,15,222,0,2.62,1.04,3676
2,Chris Sale,CWS,SP,15,221,0,2.79,1.04,3665
3,Max Scherzer,WSH,SP,16,249,0,2.9,1.1,3647
6,Johnny Cueto,CIN,SP,15,184,0,2.9,1.09,3637
4,Madison Bumgarner,SF,SP,15,204,0,3.0,1.1,3622
5,Stephen Strasburg,WSH,SP,15,221,0,3.06,1.1,3618
8,Corey Kluber,CLE,SP,15,218,0,3.06,1.14,3594
9,Adam Wainwright,STL,SP,15,173,0,3.04,1.12,3590
10,Jordan Zimmermann,WSH,SP,14,170,0,3.08,1.11,3581
11,Zack Greinke,LAD,SP,14,185,0,3.02,1.15,3579
15,Matt Harvey,NYM,SP,11,165,0,2.97,1.1,3573
7,David Price,DET,SP,15,214,0,3.25,1.11,3573
14,Masahiro Tanaka,NYY,SP,13,166,0,3.14,1.12,3559
23,Aroldis Chapman,CIN,RP,4,109,37,2.06,0.98,3541
12,Jon Lester,CHC,SP,14,196,0,3.23,1.17,3539
13,Cole Hamels,PHI,SP,12,197,0,3.25,1.17,3516
17,Hisashi Iwakuma,SEA,SP,13,155,0,3.34,1.11,3498
43,Dellin Betances,NYY,RP,4,99,26,2.45,1.04,3485
16,James Shields,SD,SP,13,187,0,3.33,1.18,3484
22,Alex Cobb,TB,SP,11,152,0,3.2,1.18,3466
38,Koji Uehara,BOS,RP,4,74,33,2.36,0.89,3465
18,Julio Teheran,ATL,SP,12,170,0,3.41,1.16,3463
96,Tyler Clippard,OAK,RP,5,73,10,2.73,1.07,3456
52,David Robertson,CWS,RP,4,87,37,2.76,1.11,3455
89,Andrew Miller,NYY,RP,4,85,14,2.6,1.03,3453
28,Hyun-Jin Ryu,LAD,SP,12,139,0,3.24,1.18,3449
105,Wade Davis,KC,RP,5,86,2,2.62,1.12,3444
20,Jacob DeGrom,NYM,SP,11,168,0,3.26,1.2,3444
39,Mark Melancon,PIT,RP,4,68,37,2.34,1.0,3444
99,Bradley Boxberger,TB,RP,4,87,9,2.71,1.09,3438
72,Jake McGee,TB,RP,4,73,22,2.46,1.0,3436
31,Craig Kimbrel,SD,RP,3,94,38,1.99,0.98,3431
58,Joaquin Benoit,SD,RP,4,69,31,2.41,1.01,3431
26,Gerrit Cole,PIT,SP,12,164,0,3.37,1.2,3418
37,Greg Holland,KC,RP,3,88,40,2.12,1.02,3418
107,Tony Watson,PIT,RP,5,67,3,2.63,1.06,3416
27,Alex Wood,ATL,"SP,RP",10,166,0,3.26,1.21,3404
68,Steve Cishek,MIA,RP,4,77,35,2.8,1.16,3399
71,Cody Allen,CLE,RP,4,81,34,2.9,1.16,3399
121,Kenneth Giles,PHI,RP,4,77,3,2.7,1.11,3395
29,Jake Arrieta,CHC,SP,11,173,0,3.45,1.2,3393
19,Jeff Samardzija,CWS,SP,12,195,0,3.59,1.18,3389
35,Mike Fiers,MIL,SP,10,154,0,3.46,1.15,3387
30,Gio Gonzalez,WSH,SP,12,174,0,3.41,1.23,3382
63,Kenley Jansen,LAD,RP,3,81,31,2.42,1.01,3381
33,Garrett Richards,LAA,SP,12,151,0,3.38,1.21,3381
36,Carlos Carrasco,CLE,"SP,RP",10,152,0,3.45,1.17,3380
42,Andrew Cashner,SD,SP,10,127,0,3.24,1.19,3378
32,Doug Fister,WSH,SP,13,126,0,3.41,1.19,3372
81,Jose Fernandez,MIA,SP,6,106,0,2.97,1.1,3370
24,Sonny Gray,OAK,SP,13,174,0,3.41,1.25,3368
21,Lance Lynn,STL,SP,14,176,0,3.42,1.25,3364
34,Tyson Ross,SD,SP,11,173,0,3.33,1.25,3363
47,Michael Wacha,STL,SP,10,134,0,3.32,1.19,3362
113,Darren O'Day,BAL,RP,4,65,2,2.59,1.02,3358
117,Joe Smith,LAA,RP,5,58,4,2.73,1.09,3357
25,Phil Hughes,MIN,SP,13,165,0,3.71,1.17,3353
44,Drew Smyly,TB,SP,10,141,0,3.53,1.17,3343
40,Anibal Sanchez,DET,SP,11,156,0,3.55,1.2,3339
93,Luke Gregerson,HOU,RP,4,62,23,2.94,1.1,3331
77,Sean Doolittle,OAK,RP,3,66,26,2.6,0.91,3318
60,Michael Pineda,NYY,SP,9,110,0,3.44,1.12,3307
130,Pat Neshek,HOU,RP,4,58,5,2.97,1.04,3299
129,Sergio Romo,SF,RP,4,58,6,2.98,1.03,3297
50,Homer Bailey,CIN,SP,10,148,0,3.56,1.2,3297
74,Zach Britton,BAL,RP,4,59,37,2.79,1.18,3293
80,Glen Perkins,MIN,RP,3,70,34,3.01,1.09,3292
79,Jonathan Papelbon,PHI,RP,3,64,33,2.89,1.07,3282
41,Jered Weaver,LAA,SP,13,144,0,3.68,1.21,3282
139,Kelvin Herrera,KC,RP,4,66,2,2.79,1.18,3281
73,Trevor Rosenthal,STL,RP,3,85,38,2.91,1.2,3278
49,Scott Kazmir,OAK,SP,11,152,0,3.67,1.21,3273
48,Jose Quintana,CWS,SP,11,161,0,3.61,1.25,3257
46,Collin McHugh,HOU,SP,11,167,0,3.73,1.22,3257
151,Junichi Tazawa,BOS,RP,4,65,2,3.09,1.17,3252
45,John Lackey,STL,SP,12,157,0,3.71,1.23,3252
78,Huston Street,LAA,RP,3,55,36,2.67,1.06,3243
57,Mat Latos,MIA,SP,10,144,0,3.61,1.23,3234
104,Francisco Rodriguez,MIL,RP,4,65,30,3.37,1.17,3227
102,Yusmeiro Petit,SF,"SP,RP",6,99,0,3.45,1.13,3224
55,Matt Shoemaker,LAA,"SP,RP",11,143,0,3.77,1.21,3220
56,Francisco Liriano,PIT,SP,11,171,0,3.52,1.29,3219
54,Yordano Ventura,KC,SP,12,161,0,3.61,1.28,3211
100,Santiago Casilla,SF,RP,4,48,30,2.85,1.16,3208
51,Chris Tillman,BAL,SP,13,152,0,3.76,1.25,3206
70,Matt Cain,SF,SP,9,135,0,3.7,1.2,3201
62,Chris Archer,TB,SP,11,161,0,3.61,1.28,3199
66,Jake Peavy,SF,SP,9,142,0,3.71,1.21,3195
67,Brandon McCarthy,LAD,SP,11,140,0,3.72,1.24,3193
116,Tanner Roark,WSH,SP,7,76,0,3.41,1.17,3193
61,Dallas Keuchel,HOU,SP,12,144,0,3.65,1.27,3192
98,Hector Rondon,CHC,RP,3,60,33,3.05,1.17,3191
164,Danny Farquhar,SEA,RP,3,68,3,3.14,1.17,3190
64,Kyle Lohse,MIL,SP,11,127,0,3.78,1.21,3190
82,Kyle Hendricks,CHC,SP,10,116,0,3.57,1.24,3185
53,Ian Kennedy,SD,SP,11,184,0,3.75,1.27,3183
110,Brett Cecil,TOR,RP,4,75,29,3.24,1.26,3180
171,Pedro Strop,CHC,RP,4,68,2,3.19,1.23,3177
88,Drew Storen,WSH,RP,3,51,37,2.86,1.12,3176
86,Danny Duffy,KC,"SP,RP",9,119,0,3.53,1.25,3173
92,Fernando Rodney,SEA,RP,3,69,38,2.92,1.25,3166
160,Bryan Shaw,CLE,RP,4,61,3,3.29,1.2,3159
85,Henderson Alvarez,MIA,SP,11,103,0,3.53,1.27,3154
75,Mike Leake,CIN,SP,11,136,0,3.79,1.25,3149
172,Dominic Leone,SEA,RP,4,57,1,2.75,1.22,3141
76,Wei-Yin Chen,BAL,SP,12,134,0,3.83,1.25,3139
175,Ryan Cook,OAK,RP,3,60,2,3.0,1.18,3136
162,Craig Stammen,WSH,RP,5,62,1,3.24,1.24,3135
69,Rick Porcello,BOS,SP,13,134,0,3.79,1.27,3130
152,Jonathan Broxton,MIL,RP,4,49,11,3.21,1.18,3126
167,Kevin Quackenbush,SD,RP,3,60,5,2.97,1.21,3126
84,Matt Garza,MIL,SP,10,137,0,3.83,1.24,3121
165,Tommy Hunter,BAL,RP,4,51,2,3.29,1.14,3120
174,Joakim Soria,DET,RP,3,53,6,3.21,1.11,3117
65,R.A. Dickey,TOR,SP,13,161,0,3.97,1.26,3111
59,Justin Verlander,DET,SP,13,179,0,3.86,1.29,3108
176,Aaron Loup,TOR,RP,4,53,4,3.24,1.21,3106
166,Joel Peralta,LAD,RP,3,70,4,3.55,1.14,3099
83,Derek Holland,TEX,SP,10,150,0,3.83,1.26,3098
173,Seth Maness,STL,RP,4,44,3,3.17,1.17,3095
90,Bartolo Colon,NYM,SP,10,121,0,3.86,1.23,3090
128,Rafael Soriano,WSH,RP,3,57,23,3.23,1.2,3081
182,Tom Wilhelmsen,SEA,RP,3,64,2,3.2,1.22,3077
87,Shelby Miller,ATL,SP,10,150,0,3.85,1.27,3075
94,Jason Hammel,CHC,SP,10,139,0,3.92,1.25,3074
205,Antonio Bastardo,PIT,RP,4,67,2,3.45,1.25,3065
106,Tim Hudson,SF,SP,9,106,0,3.74,1.25,3064
95,Josh Collmenter,ARI,"SP,RP",9,120,0,3.86,1.23,3062
195,Nick Vincent,SD,RP,3,51,1,3.1,1.11,3061
112,Addison Reed,ARI,RP,3,68,32,3.66,1.17,3059
161,Dan Otero,OAK,RP,4,40,2,2.88,1.18,3057
212,Jordan Walden,STL,RP,3,60,2,3.22,1.22,3052
91,Jake Odorizzi,TB,SP,10,161,0,3.91,1.28,3049
192,Dale Thayer,SD,RP,3,54,1,3.18,1.16,3049
191,Mike Dunn,MIA,RP,5,65,2,3.4,1.29,3035
194,J.P. Howell,LAD,RP,3,50,4,2.93,1.22,3029
109,James Paxton,SEA,SP,10,121,0,3.65,1.31,3026
101,Jonathon Niese,NYM,SP,10,131,0,3.8,1.29,3023
214,Neal Cotts,MIL,RP,4,53,1,3.3,1.22,3022
114,Danny Salazar,CLE,SP,8,137,0,3.82,1.28,3009
115,Mike Minor,ATL,SP,8,125,0,3.9,1.25,3009
108,Jason Vargas,KC,SP,11,122,0,3.98,1.27,3008
204,Brad Ziegler,ARI,RP,4,45,3,3.11,1.25,3007
213,David Carpenter,NYY,RP,4,61,2,3.47,1.26,3003
208,Casey Fien,MIN,RP,4,55,2,3.74,1.16,2997
203,A.J. Ramos,MIA,RP,4,68,1,3.17,1.31,2997
198,Mike Morin,LAA,RP,4,52,0,3.23,1.19,2996
206,Scott Atchison,CLE,RP,4,42,2,3.41,1.16,2995
227,David Hernandez,ARI,RP,3,55,1,3.41,1.17,2991
168,Kris Medlen,KC,SP,6,66,0,3.54,1.25,2989
207,Charlie Furbush,SEA,RP,3,61,0,3.32,1.15,2989
123,Charlie Morton,PIT,SP,8,112,0,3.7,1.29,2988
187,Jean Machi,SF,RP,4,43,0,3.03,1.13,2986
124,Neftali Feliz,TEX,RP,3,49,31,3.4,1.2,2974
97,Drew Hutchison,TOR,SP,11,165,0,4.18,1.27,2970
201,Cliff Lee,PHI,SP,3,55,0,3.31,1.11,2968
103,A.J. Burnett,PIT,SP,11,166,0,3.95,1.33,2961
210,Casey Janssen,WSH,RP,3,38,3,3.22,1.07,2959
111,Dan Haren,MIA,SP,10,127,0,4.16,1.23,2959
183,A.J. Griffin,OAK,SP,5,68,0,3.81,1.19,2952
179,Anthony Cingrani,CIN,SP,5,88,0,3.53,1.3,2948
232,Shawn Kelley,SD,RP,3,61,2,3.56,1.23,2938
197,Patrick Corbin,ARI,SP,5,69,0,3.67,1.25,2935
133,Dillon Gee,NYM,SP,8,112,0,3.97,1.27,2926
188,Adam Warren,NYY,RP,5,83,1,3.77,1.3,2916
138,Miguel Gonzalez,BAL,SP,8,102,0,3.88,1.28,2914
163,Kendall Graveman,OAK,RP,7,79,1,3.84,1.3,2909
140,Marco Estrada,TOR,"SP,RP",6,102,0,4.12,1.19,2906
186,Bobby Parnell,NYM,RP,3,40,13,2.93,1.25,2899
199,Kevin Jepsen,TB,RP,2,59,6,3.27,1.19,2899
122,Clay Buchholz,BOS,SP,10,136,0,4.07,1.3,2898
252,Neil Ramirez,CHC,RP,3,53,1,3.36,1.24,2894
184,Noah Syndergaard,NYM,SP,5,92,0,3.78,1.28,2892
135,Jesse Hahn,OAK,SP,8,119,0,3.77,1.33,2890
211,A.J. Cole,WSH,SP,5,68,0,3.81,1.24,2887
225,Jaime Garcia,STL,SP,4,57,0,3.64,1.2,2887
119,Wily Peralta,MIL,SP,11,143,0,3.97,1.34,2886
217,Chad Qualls,HOU,RP,3,46,7,3.47,1.22,2884
157,Vance Worley,PIT,SP,7,88,0,3.76,1.3,2883
246,Aaron Barrett,WSH,RP,3,50,1,2.97,1.28,2881
125,Mark Buehrle,TOR,SP,12,116,0,3.98,1.33,2880
226,Clayton Blackburn,SF,SP,4,56,0,3.57,1.22,2880
131,Drew Pomeranz,OAK,"SP,RP",8,128,0,3.84,1.33,2877
134,T.J. House,CLE,SP,9,115,0,3.82,1.33,2877
218,Steven Matz,NYM,SP,5,66,0,3.68,1.27,2876
229,Jeremy Affeldt,SF,RP,3,42,1,2.97,1.24,2873
222,Adam Ottavino,COL,RP,3,73,3,3.58,1.3,2872
244,Zach Duke,CWS,RP,3,55,1,3.48,1.24,2871
126,Bud Norris,BAL,SP,10,136,0,4.02,1.32,2871
242,Jason Motte,CHC,RP,3,49,3,3.57,1.21,2870
150,Aaron Sanchez,TOR,"RP,SP",8,116,2,3.99,1.34,2869
127,Jimmy Nelson,MIL,SP,9,145,0,4.01,1.32,2865
223,Jason Grilli,ATL,RP,2,67,2,3.35,1.22,2865
141,Chase Anderson,ARI,SP,8,120,0,3.94,1.31,2863
120,Yovani Gallardo,TEX,SP,11,145,0,4.01,1.34,2861
190,Jesse Chavez,OAK,"SP,RP",5,81,0,3.81,1.28,2860
132,CC Sabathia,NYY,SP,9,137,0,4.11,1.3,2859
239,Tony Sipp,HOU,RP,3,60,2,3.86,1.19,2859
257,Al Alburquerque,DET,RP,3,60,1,3.49,1.27,2858
146,Kevin Gausman,BAL,SP,8,111,0,3.9,1.31,2857
118,Wade Miley,BOS,SP,11,155,0,4.0,1.35,2857
234,Jared Burton,MIN,RP,4,53,2,3.85,1.22,2855
240,James Russell,ATL,RP,3,44,1,3.37,1.21,2855
148,Taijuan Walker,SEA,SP,7,118,0,3.88,1.31,2852
245,Oliver Perez,ARI,RP,3,64,1,3.38,1.3,2850
193,Marco Gonzales,STL,"SP,RP",5,80,0,3.75,1.29,2850
249,Brad Brach,BAL,RP,4,55,1,3.54,1.29,2847
254,J.J. Hoover,CIN,RP,3,60,1,3.71,1.23,2843
233,Jared Hughes,PIT,RP,4,40,1,3.26,1.26,2842
235,Jeurys Familia,NYM,RP,3,56,3,3.23,1.32,2841
255,Shawn Tolleson,TEX,RP,3,58,2,3.55,1.28,2833
231,Edward Mujica,BOS,RP,3,44,5,3.56,1.22,2830
145,Zach McAllister,CLE,"SP,RP",8,112,0,4.02,1.3,2829
177,Andrew Heaney,LAA,SP,6,95,0,4.01,1.27,2828
241,Jerry Blevins,NYM,RP,3,52,0,3.54,1.18,2827
265,Kyle Crockett,CLE,RP,3,37,1,2.99,1.22,2826
209,Josh Beckett,LAD,SP,5,87,0,3.93,1.28,2824
149,Jenrry Mejia,NYM,"SP,RP",3,68,23,3.46,1.34,2811
153,Jeff Locke,PIT,SP,8,115,0,3.95,1.33,2809
136,Joe Nathan,DET,RP,4,57,30,3.69,1.32,2809
142,J.A. Happ,SEA,SP,9,131,0,4.05,1.33,2802
143,Carlos Martinez,STL,"SP,RP",7,132,0,3.78,1.36,2796
237,Carlos Torres,NYM,RP,4,62,0,3.66,1.28,2794
250,Fernando Salas,LAA,RP,3,53,0,3.64,1.19,2782
253,Yoervis Medina,SEA,RP,4,56,1,3.31,1.35,2780
272,Justin De Fratus,PHI,RP,3,45,1,3.47,1.25,2778
156,Ervin Santana,MIN,SP,8,119,0,4.11,1.31,2778
263,George Kontos,SF,RP,3,42,0,3.26,1.21,2776
178,Ryan Vogelsong,SF,SP,7,98,0,3.99,1.31,2771
144,Jorge De La Rosa,COL,SP,11,122,0,4.13,1.34,2768
180,Roenis Elias,SEA,SP,7,99,0,3.92,1.33,2766
221,Brett Anderson,LAD,SP,6,70,0,3.74,1.33,2763
154,Jarred Cosart,MIA,SP,9,111,0,3.81,1.37,2762
278,Luke Hochevar,KC,"SP,RP",3,43,1,3.71,1.19,2742
137,C.J. Wilson,LAA,SP,11,155,0,4.03,1.39,2742
159,Nathan Eovaldi,NYY,SP,9,129,0,4.23,1.32,2730
269,Eric O'Flaherty,OAK,RP,3,29,0,2.97,1.14,2726
260,Will Smith,MIL,RP,3,71,1,3.71,1.32,2726
271,Grant Balfour,TB,RP,3,59,2,3.73,1.3,2725
276,Brandon Finnegan,KC,RP,3,44,0,3.56,1.2,2724
170,Scott Feldman,HOU,SP,9,114,0,4.19,1.32,2723
238,Rafael Montero,NYM,"SP,RP",4,76,0,3.74,1.33,2721
228,Brandon Morrow,SD,"SP,RP",5,77,0,3.86,1.33,2720
236,Jarrod Parker,OAK,"SP,RP",5,64,0,3.87,1.3,2718
256,Carlos Villanueva,STL,"SP,RP",4,64,0,3.95,1.26,2718
267,Matt Belisle,STL,RP,4,50,1,3.75,1.29,2714
169,Anthony DeSclafani,CIN,"SP,RP",7,121,0,4.25,1.3,2714
215,Odrisamer Despaigne,SD,SP,6,90,0,3.84,1.35,2714
155,Edinson Volquez,KC,SP,10,134,0,4.13,1.36,2709
273,Bryan Morris,MIA,RP,3,47,1,3.36,1.31,2705
147,Trevor Bauer,CLE,SP,9,161,0,4.16,1.36,2704
181,Jeremy Guthrie,KC,SP,10,108,0,4.22,1.33,2701
268,Tsuyoshi Wada,CHC,SP,4,64,0,3.81,1.3,2701
274,Joshua Fields,HOU,RP,3,59,3,4.08,1.24,2698
251,Fernando Abad,OAK,RP,2,44,0,3.07,1.18,2698
280,Jason Frasor,KC,RP,3,45,0,3.28,1.28,2693
771,Adam Liberatore,LAD,P,3,36,0,3.25,1.22,2683
287,Jose Veras,HOU,RP,3,55,1,3.64,1.31,2677
189,Alfredo Simon,DET,SP,9,101,0,4.27,1.31,2676
288,Anthony Varvaro,BOS,RP,3,41,1,3.45,1.28,2676
304,Jim Henderson,MIL,RP,3,43,1,3.54,1.28,2674
202,Brett Oberholtzer,HOU,SP,8,103,0,4.26,1.31,2669
259,Alexander Colome,TB,SP,5,71,0,3.8,1.35,2665
773,Daniel Winkler,ATL,P,5,68,0,4.09,1.29,2663
247,Matt Moore,TB,SP,5,82,0,3.81,1.36,2662
185,Hector Santiago,LAA,"SP,RP",7,105,0,3.91,1.37,2659
289,Justin Wilson,NYY,RP,3,55,2,3.69,1.33,2652
248,Eric Stults,ATL,SP,6,79,0,4.14,1.31,2650
284,Jose Diaz,CIN,RP,2,50,2,3.42,1.27,2645
261,Burke Badenhop,CIN,RP,2,39,1,3.17,1.23,2636
158,LaTroy Hawkins,COL,RP,3,38,28,3.67,1.28,2625
262,Tim Cooney,STL,SP,6,60,0,4.09,1.3,2622
277,Jake Diekman,PHI,RP,3,74,1,3.64,1.38,2608
294,Evan Marshall,ARI,RP,3,52,1,3.41,1.36,2601
296,R.J. Alvarez,OAK,RP,2,42,0,3.02,1.24,2599
220,Jeremy Hellickson,ARI,SP,8,126,0,4.39,1.34,2591
224,Tom Koehler,MIA,SP,7,113,0,4.15,1.36,2590
281,Wandy Rodriguez,ATL,SP,5,72,0,4.23,1.3,2590
282,Ben Lively,CIN,SP,5,70,0,4.1,1.33,2587
306,Steven Rodriguez,LAD,RP,2,35,0,3.09,1.17,2583
324,Hunter Strickland,SF,RP,2,30,1,3.11,1.18,2582
300,Yimi Garcia,LAD,RP,2,34,0,3.19,1.12,2582
286,Chris Hatcher,LAD,RP,2,51,0,3.5,1.23,2581
196,Tim Lincecum,SF,"SP,RP",8,133,0,4.39,1.35,2580
305,Vinnie Pestano,LAA,RP,2,47,1,3.42,1.28,2570
216,Travis Wood,CHC,SP,8,126,0,4.28,1.36,2570
293,Blake Treinen,WSH,"SP,RP",3,40,0,3.37,1.3,2568
309,Nick Tropeano,LAA,SP,3,54,0,3.93,1.26,2566
200,Shane Greene,DET,SP,9,131,0,4.16,1.4,2565
285,David Phelps,MIA,"SP,RP",4,72,0,4.06,1.33,2562
337,John Holdzkom,PIT,RP,2,28,1,3.16,1.17,2562
298,Chasen Shreve,NYY,RP,2,46,0,3.27,1.26,2561
297,Cody Martin,ATL,SP,4,73,0,4.0,1.34,2559
317,Zach Putnam,CWS,RP,3,39,1,3.47,1.32,2554
279,Nathan Karns,TB,SP,5,85,0,4.3,1.32,2547
230,Kyle Gibson,MIN,SP,10,106,0,4.32,1.37,2544
316,Victor Black,NYM,RP,3,44,1,3.4,1.36,2537
266,Ivan Nova,NYY,SP,6,86,0,4.14,1.36,2534
321,Cesar Ramos,LAA,"SP,RP",3,50,1,3.83,1.32,2532
322,Ryan Webb,BAL,RP,3,37,1,3.59,1.3,2531
319,Todd Redmond,TOR,RP,3,56,1,4.0,1.31,2526
291,Randall Delgado,ARI,"SP,RP",4,73,0,4.19,1.32,2522
312,Vidal Nuno,ARI,SP,3,62,0,4.2,1.25,2519
243,Aaron Harang,PHI,SP,9,129,0,4.33,1.39,2518
264,Colby Lewis,TEX,SP,8,120,0,4.54,1.35,2517
323,Randy Choate,STL,RP,2,33,1,3.51,1.18,2516
314,Tom Gorzelanny,DET,RP,3,47,0,3.58,1.33,2508
258,Tommy Milone,MIN,SP,8,106,0,4.37,1.36,2507
301,Jack Leathersich,NYM,RP,2,57,0,3.27,1.33,2506
219,Justin Masterson,BOS,SP,10,153,0,4.34,1.42,2503
270,Ricky Nolasco,MIN,SP,9,125,0,4.58,1.36,2500
292,Radhames Liz,PIT,"RP,SP",5,71,0,4.0,1.38,2494
327,Brandon Kintzler,MIL,RP,3,33,1,3.55,1.3,2491
775,Tyler Olson,SEA,P,4,46,0,3.99,1.3,2490
275,Joe Kelly,BOS,SP,8,95,0,4.13,1.41,2476
326,Jeff Beliveau,TB,RP,2,42,0,3.2,1.29,2475
310,Mark Appel,HOU,SP,5,74,0,4.18,1.36,2470
290,Raisel Iglesias,CIN,"SP,RP",5,93,0,4.15,1.39,2455
320,Ernesto Frieri,TB,RP,2,61,1,4.13,1.25,2454
330,Matt Thornton,WSH,RP,2,32,1,3.27,1.26,2452
311,David Buchanan,PHI,SP,7,90,0,4.32,1.37,2452
328,Cory Rasmus,LAA,"SP,RP",3,48,0,3.66,1.34,2451
332,Alexander Torres,NYM,RP,2,37,0,3.14,1.28,2449
333,Kevin Siegrist,STL,RP,2,45,0,3.57,1.27,2444
318,Brian Matusz,BAL,RP,2,51,0,3.71,1.27,2442
295,Ross Detwiler,TEX,RP,7,84,0,4.26,1.38,2435
303,Jhoulys Chacin,COL,SP,8,101,0,4.35,1.39,2434
331,Frank Garces,SD,RP,2,41,0,3.45,1.27,2434
325,Kirby Yates,TB,RP,2,53,0,3.62,1.3,2427
308,Juan Nicasio,LAD,"SP,RP",5,66,0,4.26,1.35,2424
313,Chris Capuano,NYY,"SP,RP",5,87,0,4.37,1.36,2423
336,Evan Scribner,OAK,RP,2,29,0,3.49,1.14,2418
346,Buddy Carlyle,NYM,RP,2,28,0,3.26,1.2,2415
340,Chad Billingsley,PHI,SP,4,64,0,4.0,1.38,2409
307,Rubby De La Rosa,ARI,SP,7,113,0,4.3,1.41,2403
283,Daniel Norris,TOR,"SP,RP",6,107,0,4.38,1.39,2401
350,Cody Hall,SF,RP,2,32,0,3.34,1.24,2390
338,Tyler Lyons,STL,"SP,RP",3,41,0,4.1,1.25,2388
343,Will Harris,HOU,RP,3,44,0,3.86,1.32,2387
335,Jerome Williams,PHI,"SP,RP",7,98,0,4.57,1.37,2385
299,Tyler Matzek,COL,SP,10,127,0,4.38,1.46,2377
302,Trevor Cahill,ATL,"SP,RP",6,106,0,4.3,1.41,2375
329,Ronald Belisario,CWS,RP,5,45,1,4.15,1.36,2371
342,Blaine Hardy,DET,RP,3,33,0,3.37,1.34,2368
355,Xavier Cedeno,WSH,RP,2,35,0,3.39,1.27,2367
461,Kyle Kendrick,COL,SP,9,107,0,4.76,1.39,2355
385,Logan Verrett,TEX,"SP,RP",4,59,0,4.74,1.28,2355
354,Robbie Erlin,SD,"SP,RP",3,55,0,4.11,1.33,2354
366,Carson Smith,SEA,RP,2,28,0,3.29,1.24,2350
334,Alex Meyer,MIN,SP,5,84,0,4.2,1.42,2340
384,Jameson Taillon,PIT,SP,3,46,0,3.99,1.33,2337
392,Jordan Lyles,COL,SP,8,107,0,4.63,1.4,2335
378,Brandon Beachy,LAD,SP,3,44,0,4.02,1.31,2335
353,Edwin Escobar,BOS,RP,3,46,0,4.15,1.29,2334
344,Jamey Wright,LAD,RP,4,51,0,3.94,1.39,2329
345,Wesley Wright,BAL,RP,2,43,0,3.52,1.32,2328
359,Brad Hand,MIA,"SP,RP",4,58,0,4.14,1.37,2328
361,Alexander Claudio,TEX,RP,2,38,1,3.69,1.3,2327
381,Jonathan Gray,COL,SP,5,73,0,4.51,1.37,2325
315,Carlos Rodon,CWS,"RP,SP",5,94,0,4.24,1.43,2325
351,Marc Rzepczynski,CLE,RP,2,43,1,3.59,1.34,2324
339,Henry Owens,BOS,SP,5,61,0,4.12,1.41,2323
383,Matt Andriese,TB,SP,4,51,0,4.27,1.33,2319
396,Justin Nicolino,MIA,SP,4,45,0,4.26,1.31,2318
341,John Axford,COL,RP,4,67,2,4.24,1.43,2314
357,Bruce Rondon,DET,RP,2,42,2,3.62,1.35,2311
356,Javier Lopez,SF,RP,2,29,1,3.15,1.33,2310
358,Chris Heston,SF,"P,RP",3,35,0,3.8,1.31,2308
348,Sam LeCure,CIN,RP,2,46,0,3.54,1.34,2308
352,Luis Severino,NYY,"RP,SP",4,65,0,4.34,1.36,2308
349,Tim Stauffer,MIN,"SP,RP",4,60,0,4.18,1.38,2303
394,Brandon Maurer,SD,"SP,RP",3,61,1,4.4,1.35,2294
404,Daniel Straily,HOU,"SP,RP",4,75,0,4.64,1.35,2294
363,Mike Adams,PHI,RP,3,31,0,3.43,1.35,2292
772,Mike Wright,BAL,"SP,RP",5,56,0,4.56,1.34,2289
379,Brandon Workman,BOS,"SP,RP",4,72,0,4.46,1.37,2284
538,John Danks,CWS,SP,8,106,0,4.79,1.41,2278
362,Caleb Thielbar,MIN,RP,2,34,0,3.57,1.28,2275
388,Archie Bradley,ARI,SP,6,87,0,4.37,1.44,2271
377,Joe Thatcher,HOU,RP,2,31,0,3.63,1.25,2269
347,Pedro Baez,LAD,RP,1,30,0,3.37,1.15,2266
374,Ubaldo Jimenez,BAL,SP,6,110,0,4.42,1.45,2266
369,Tommy Kahnle,COL,RP,2,52,1,4.11,1.31,2265
375,Juan Carlos Oviedo,TB,RP,3,36,1,3.9,1.35,2264
390,Bronson Arroyo,ARI,SP,3,33,0,4.08,1.26,2262
382,Jesse Crain,HOU,RP,1,26,0,2.55,1.21,2258
364,Luis Avilan,ATL,RP,3,37,0,3.63,1.37,2254
371,Alexi Ogando,BOS,RP,3,39,0,3.84,1.35,2254
367,Colt Hynes,TOR,RP,2,39,0,3.96,1.25,2252
380,Oliver Drake,BAL,"SP,RP",2,33,0,3.6,1.28,2251
386,Joba Chamberlain,DET,RP,3,48,1,4.04,1.39,2242
370,Mayckol Guaipe,SEA,RP,2,30,0,3.86,1.19,2239
368,Sam Dyson,MIA,RP,3,34,0,3.57,1.37,2232
372,Dylan Bundy,BAL,"RP,SP",4,48,0,4.13,1.38,2230
373,Jeremy Jeffress,MIL,RP,2,40,1,3.48,1.38,2225
413,Liam Hendriks,TOR,"SP,RP",4,50,0,4.62,1.32,2221
438,Cory Luebke,SD,"SP,RP",2,16,0,3.31,1.23,2218
520,Allen Webster,ARI,SP,5,77,0,4.52,1.43,2207
365,Tom Layne,BOS,RP,4,41,0,3.93,1.4,2206
407,Chase Whitley,NYY,"SP,RP",4,58,0,4.46,1.37,2204
427,Williams Perez,ATL,SP,4,51,0,4.27,1.37,2203
400,Andrew McKirahan,ATL,RP,2,28,0,3.71,1.25,2201
376,Brandon League,LAD,RP,3,32,3,3.61,1.42,2199
619,Hector Noesi,CWS,"SP,RP",6,99,0,4.93,1.41,2198
445,Felix Doubront,CHC,"SP,RP",5,75,0,4.52,1.44,2186
412,David Carpenter,LAA,RP,2,29,1,3.74,1.3,2185
391,Brian Wilson,LAD,RP,3,48,2,4.02,1.44,2183
562,Jason Marquis,CIN,SP,5,75,0,4.58,1.43,2182
395,Justin Grimm,CHC,RP,3,55,0,4.27,1.36,2177
468,Daisuke Matsuzaka,NYM,"SP,RP",4,69,1,4.61,1.43,2175
451,Paul Maholm,LAD,"SP,RP",5,58,0,4.4,1.41,2175
387,Phil Klein,TEX,RP,2,44,0,3.7,1.36,2169
433,Aaron Nola,PHI,"SP,RP",3,50,0,4.45,1.33,2169
401,Dario Alvarez,NYM,RP,2,32,0,3.6,1.31,2165
434,Jake Petricka,CWS,RP,3,44,1,3.84,1.46,2159
399,Matt Grace,WSH,RP,3,27,0,3.73,1.34,2155
402,Drew Rucinski,LAA,RP,3,34,0,4.08,1.32,2153
389,Steve Delabar,TOR,RP,3,47,0,4.1,1.38,2152
393,Juan Gutierrez,SF,RP,2,39,0,4.03,1.28,2151
429,Jim Johnson,ATL,RP,3,45,1,4.04,1.42,2146
360,J.J. Putz,ARI,RP,2,27,7,3.75,1.33,2137
576,Asher Wojciechowski,HOU,"RP,SP",5,72,0,4.7,1.43,2133
545,Roberto Hernandez,HOU,SP,5,63,0,4.64,1.41,2132
403,Jeremy McBryde,LAA,RP,3,40,0,4.07,1.36,2132
443,Brian Duensing,MIN,RP,3,44,1,4.2,1.39,2131
411,Wilton Lopez,TOR,RP,2,31,1,3.85,1.31,2131
410,T.J. McFarland,BAL,RP,3,37,0,3.78,1.4,2128
424,Troy Patton,SD,RP,1,22,0,3.31,1.19,2126
450,Erasmo Ramirez,TB,"SP,RP",3,52,0,4.46,1.35,2125
414,Blake Parker,CHC,RP,1,35,0,3.54,1.27,2124
464,Anthony Ranaudo,TEX,SP,5,50,0,4.44,1.4,2124
513,Scott Baker,TEX,"SP,RP",3,45,0,5.07,1.27,2122
497,Trevor May,MIN,SP,5,80,0,4.69,1.45,2120
406,Tyler Thornburg,MIL,RP,2,40,0,3.77,1.35,2117
519,Edwin Jackson,CHC,SP,4,71,0,4.61,1.42,2117
454,Rex Brothers,COL,RP,3,55,1,3.99,1.53,2117
425,Matt Reynolds,ARI,RP,1,27,1,3.54,1.26,2110
554,Kevin Correia,LAD,"SP,RP",6,57,0,4.78,1.4,2109
397,Erik Goeddel,NYM,RP,1,42,0,3.67,1.3,2107
398,Boone Logan,COL,RP,3,49,0,4.17,1.39,2105
441,Sean Burnett,LAA,RP,1,22,1,3.27,1.27,2103
460,Scott Elbert,LAD,RP,1,16,0,2.89,1.23,2101
442,Sean Marshall,CIN,RP,1,26,1,3.41,1.28,2100
408,Brandon Lyon,FA,RP,3,27,0,3.74,1.36,2097
409,Sean Nolin,OAK,RP,3,35,0,3.99,1.36,2097
477,Joe Blanton,LAA,SP,3,43,0,4.68,1.3,2095
419,Robbie Ross,BOS,"SP,RP",3,39,0,3.99,1.39,2092
463,Johan Santana,BAL,SP,3,42,0,4.46,1.33,2089
543,Nick Martinez,TEX,"SP,RP",5,58,0,4.53,1.44,2087
446,Grayson Garvin,TB,SP,3,32,0,4.12,1.33,2084
418,Matt Albers,CWS,RP,2,25,0,3.51,1.32,2084
581,Nicholas Tepesch,TEX,"SP,RP",4,60,0,4.6,1.41,2084
420,Tanner Scheppers,TEX,"SP,RP",2,38,2,4.03,1.35,2081
483,Clayton Richard,FA,"SP,RP",5,39,0,4.72,1.34,2078
405,Dan Jennings,CWS,RP,2,40,0,3.42,1.42,2071
416,Blaine Boyer,MIN,RP,2,31,0,4.11,1.25,2064
423,Kyuji Fujikawa,TEX,RP,2,40,1,4.08,1.35,2062
481,Wade LeBlanc,LAA,"SP,RP",3,52,0,4.4,1.38,2059
415,Carter Capps,MIA,RP,2,42,0,3.98,1.35,2055
480,Josh Tomlin,CLE,"SP,RP",3,43,0,4.89,1.3,2052
422,Nick Hagadone,CLE,RP,2,42,0,4.12,1.33,2044
479,Taylor Hill,WSH,"P,RP",4,37,0,4.58,1.34,2040
452,C.J. Edwards,CHC,SP,2,46,0,3.78,1.41,2038
417,Sam Freeman,TEX,RP,2,34,0,3.61,1.37,2037
436,Manny Parra,CIN,RP,2,45,1,3.97,1.41,2032
430,Joe Wieland,LAD,"P,SP,RP",2,31,0,4.1,1.27,2031
440,Casey Sadler,PIT,RP,3,31,0,4.25,1.32,2024
426,Louis Coleman,KC,RP,2,37,0,3.89,1.35,2021
428,Josh Outman,ATL,RP,3,43,0,4.17,1.4,2020
421,Jose Mijares,FA,RP,2,39,0,3.61,1.41,2018
585,Charles Brewer,CLE,RP,4,59,0,4.85,1.41,2017
455,Logan Ondrusek,CIN,RP,3,46,1,4.36,1.42,2016
527,Esmil Rogers,NYY,RP,3,60,0,4.58,1.41,2008
566,Kyle Lobstein,DET,SP,4,53,0,4.56,1.43,2008
484,JR Graham,MIN,SP,3,38,1,4.29,1.39,2007
431,Matt Lindstrom,CWS,RP,2,27,2,3.56,1.4,2006
435,Dana Eveland,NYM,RP,2,36,0,3.96,1.34,2005
432,Joe Beimel,TEX,RP,2,21,0,3.34,1.35,2004
439,Spencer Patton,TEX,RP,2,29,0,4.06,1.28,2003
470,Josh Johnson,SD,SP,2,53,0,4.14,1.38,1998
478,Michael Blazek,MIL,RP,3,54,0,4.36,1.42,1996
458,Danny Hultzen,SEA,"SP,RP",3,44,0,3.99,1.48,1993
588,Sean Gilmartin,NYM,SP,3,54,0,4.54,1.4,1991
437,Arquimedes Caminero,PIT,RP,2,37,0,4.02,1.34,1985
453,Eric Jokisch,CHC,"P,RP",3,36,0,4.34,1.35,1982
448,Chris Perez,LAD,RP,2,42,1,4.28,1.35,1981
646,David Hale,COL,"SP,RP",5,55,0,4.52,1.51,1976
465,Chris Withrow,LAD,RP,1,25,0,3.27,1.31,1975
459,Anthony Swarzak,CLE,"SP,RP",2,40,0,4.1,1.35,1971
533,Zach Lee,LAD,SP,3,42,0,4.47,1.37,1968
444,Lisalverto Bonilla,TEX,"SP,RP",2,34,0,3.98,1.34,1967
476,Phil Coke,CHC,RP,3,38,1,4.04,1.48,1961
573,Jose Berrios,MIN,"SP,RP",5,55,0,4.81,1.46,1956
673,Barry Zito,FA,SP,5,58,0,4.8,1.48,1956
680,Andrew Albers,MIN,"RP,SP",4,50,0,5.17,1.39,1955
449,Ryan Pressly,MIN,RP,2,32,0,3.88,1.35,1950
528,Samuel Deduno,HOU,"SP,RP",3,54,0,4.35,1.45,1946
488,Craig Breslow,BOS,RP,3,41,0,4.04,1.46,1942
462,Matt Barnes,BOS,RP,3,38,0,4.26,1.39,1941
514,Eduardo Rodriguez,BOS,SP,3,41,0,4.3,1.4,1938
561,Yohan Pino,KC,SP,3,41,0,4.85,1.34,1938
757,Lucas Harrell,HOU,SP,6,72,0,5.08,1.57,1937
456,Rafael Betancourt,COL,RP,2,27,1,4.12,1.32,1936
457,Daniel Hudson,ARI,RP,2,36,0,4.18,1.33,1928
509,Steven Geltz,TB,RP,1,17,0,3.65,1.22,1926
466,Nate Jones,CWS,RP,2,23,0,3.81,1.33,1919
656,Robert Stephenson,CIN,SP,4,66,0,5.17,1.47,1917
503,Daniel Webb,CWS,RP,3,41,1,4.19,1.5,1909
472,Shaun Marcum,FA,"SP,RP",2,39,0,4.34,1.33,1905
474,Martin Perez,TEX,"SP,RP",3,34,0,4.22,1.39,1900
590,Zeke Spruill,BOS,RP,4,44,0,4.58,1.45,1887
496,Taylor Jordan,WSH,SP,2,27,0,3.96,1.34,1881
504,David Huff,NYY,RP,3,36,0,4.49,1.37,1880
447,Joel Hanrahan,DET,RP,3,36,0,4.08,1.45,1880
491,Donovan Hand,FA,RP,2,39,0,4.26,1.35,1875
471,C.C. Lee,CLE,RP,1,30,0,3.87,1.29,1869
638,Dylan Axelrod,CIN,"SP,RP",4,52,0,4.96,1.45,1869
568,Erik Bedard,TB,SP,3,46,0,4.57,1.43,1861
469,Brandon Gomes,TB,RP,2,28,0,4.34,1.28,1858
467,Michael Tonkin,MIN,RP,2,32,0,3.99,1.37,1850
523,Mike Kickham,CHC,RP,3,44,0,4.4,1.45,1848
473,Vin Mazzaro,PIT,RP,2,23,0,3.71,1.37,1846
498,Matthew Wisler,SD,SP,2,25,0,3.79,1.37,1839
774,Roberto Osuna,TOR,P,2,41,0,4.46,1.35,1835
475,Brad Lincoln,PIT,RP,2,36,0,4.19,1.36,1832
486,Jason Lane,SD,"P,RP,SP",2,24,0,4.26,1.28,1831
482,Miguel Castro,TOR,"RP,SP",2,39,0,4.15,1.39,1829
570,Raul Valdes,TOR,RP,2,37,1,5.35,1.29,1828
729,Eddie Butler,COL,SP,5,48,0,4.81,1.52,1827
512,Ben Rowen,TEX,RP,1,16,0,3.65,1.28,1823
515,Javy Guerra,CWS,RP,2,39,1,4.14,1.44,1815
487,Brett Bochy,SF,RP,2,19,0,3.81,1.35,1814
681,Brad Peacock,HOU,"SP,RP",3,64,0,4.85,1.51,1813
634,Jeff Francis,NYY,RP,3,47,0,5.19,1.4,1812
555,Franklin Morales,KC,"SP,RP",3,44,0,4.47,1.46,1811
485,Rob Scahill,PIT,RP,2,29,0,3.97,1.38,1807
536,Matt Harrison,TEX,SP,3,31,0,4.19,1.42,1805
651,Adam Morgan,PHI,SP,3,49,0,4.85,1.44,1796
489,Luis Garcia,PHI,RP,2,37,0,3.97,1.44,1795
502,Corey Knebel,MIL,RP,1,23,0,3.79,1.3,1792
492,Roman Mendez,TEX,RP,2,34,0,4.03,1.4,1786
597,Adam Conley,MIA,SP,3,38,0,4.37,1.45,1777
712,Christian Bergman,COL,"SP,RP",4,44,0,5.32,1.44,1776
494,Stolmy Pimentel,PIT,RP,2,37,0,4.15,1.4,1775
529,Gavin Floyd,CLE,SP,2,29,0,4.25,1.34,1766
558,Tyler Chatwood,COL,SP,3,32,0,4.23,1.44,1764
661,Jacob Turner,CHC,"SP,RP",3,46,0,4.81,1.45,1763
511,Jeanmar Gomez,PHI,RP,2,33,0,4.21,1.37,1755
642,Christian Friedrich,COL,"SP,RP",3,50,0,5.23,1.44,1754
507,Dustin McGowan,PHI,"SP,RP",2,36,0,4.21,1.39,1754
539,Bruce Chen,KC,"SP,RP",3,33,0,4.71,1.38,1753
490,Erik Cordier,SF,RP,1,29,0,3.56,1.39,1752
732,Tim Berry,BAL,"RP,SP",4,49,0,5.27,1.49,1751
495,Juan Jaime,ATL,RP,2,44,0,4.04,1.51,1747
518,Chad Jenkins,TOR,RP,2,24,0,4.21,1.33,1746
685,Juan Oramas,TOR,SP,3,52,0,5.01,1.47,1746
540,Robert Wooten,MIL,RP,1,16,0,3.84,1.28,1745
684,Taylor Jungmann,MIL,SP,3,48,0,4.83,1.47,1743
696,Mike Montgomery,SEA,SP,4,43,0,4.87,1.49,1740
645,Miles Mikolas,TEX,"SP,RP",3,38,0,5.11,1.39,1740
537,Enrique Burgos,ARI,SP,2,44,0,4.16,1.47,1735
524,Francisley Bueno,KC,RP,1,18,0,3.64,1.33,1731
517,Casey Kelly,SD,"SP,RP",1,24,0,4.09,1.28,1720
534,Chaz Roe,PIT,RP,1,19,0,3.81,1.31,1713
686,Enny Romero,TB,SP,3,47,0,4.72,1.51,1713
682,Josh Roenicke,FA,RP,3,39,1,4.59,1.53,1711
500,Cesar Jimenez,PHI,RP,2,22,0,3.84,1.4,1707
530,Nick Greenwood,STL,RP,2,20,0,4.48,1.28,1707
501,Preston Claiborne,MIA,RP,2,26,0,3.98,1.4,1705
506,Donnie Veal,CWS,RP,3,33,0,4.27,1.48,1698
522,Bobby LaFromboise,PIT,RP,1,24,0,3.9,1.33,1696
499,Eury De La Rosa,OAK,RP,2,27,0,3.94,1.42,1695
516,Brooks Brown,COL,RP,1,29,0,4.22,1.29,1693
556,Carlos Frias,LAD,RP,2,33,0,4.65,1.34,1685
672,Alex Sanabia,ARI,SP,3,40,0,4.83,1.45,1684
767,P.J. Walters,FA,SP,4,52,0,5.77,1.58,1684
505,Brandon Cunniff,ATL,RP,1,33,0,3.89,1.38,1684
769,Tyler Cloyd,FA,SP,3,60,0,6.11,1.52,1680
493,Shawn Armstrong,CLE,RP,2,31,0,4.23,1.39,1674
542,Brian Schlitter,CHC,RP,2,28,0,4.15,1.39,1674
508,A.J. Achter,MIN,RP,2,24,0,4.09,1.38,1672
526,Austin Adams,CLE,RP,1,25,0,3.99,1.33,1671
695,Jarrett Grube,LAA,RP,3,40,0,5.07,1.44,1671
535,Jake Dunning,SF,RP,1,20,0,3.71,1.35,1669
532,Burch Smith,TB,"SP,RP",2,37,0,4.58,1.38,1668
630,David Holmberg,CIN,"SP,RP",3,35,0,4.74,1.43,1665
626,Steven Wright,BOS,RP,3,37,0,4.62,1.47,1660
655,Ross Ohlendorf,WSH,"SP,RP",4,39,0,5.17,1.49,1659
510,Chris Martin,NYY,RP,2,29,0,4.33,1.37,1657
587,Eric Surkamp,CWS,RP,2,38,0,4.75,1.37,1657
765,Tommy Hanson,TEX,SP,3,60,0,5.79,1.61,1653
610,Josh Lindblom,PIT,SP,2,36,0,4.41,1.4,1650
731,Matt Magill,CIN,"SP,RP",3,53,0,5.01,1.65,1647
728,Justin Germano,TEX,RP,3,38,0,5.44,1.41,1645
759,Joely Rodriguez,PHI,SP,4,45,0,5.4,1.56,1644
547,Scott Downs,KC,RP,2,24,1,3.94,1.48,1641
689,Sean O'Sullivan,PHI,"P,SP,RP",3,39,0,4.91,1.46,1637
620,Michael Foltynewicz,ATL,RP,2,46,0,4.54,1.46,1632
548,Sergio Santos,TOR,RP,1,20,0,3.94,1.33,1632
740,Mike Pelfrey,MIN,SP,3,44,0,4.96,1.52,1628
658,Andre Rienzo,MIA,"SP,RP",3,41,0,4.87,1.5,1622
618,Brian Flynn,KC,"P,SP,RP",3,34,0,4.5,1.5,1620
756,Aaron Laffey,BAL,"SP,RP",4,41,0,5.32,1.53,1619
564,Keith Butler,STL,RP,1,16,0,3.88,1.33,1617
589,Yoslan Herrera,LAA,"RP,SP",3,30,0,4.26,1.53,1614
552,Manuel Banuelos,ATL,"RP,SP",1,20,0,3.98,1.33,1614
544,Ryan Dennick,CIN,RP,1,23,0,3.98,1.34,1613
525,Alex Wilson,DET,RP,2,20,0,4.0,1.4,1612
521,Dane De La Rosa,LAA,RP,2,21,1,4.25,1.39,1610
601,Andy Oliver,PHI,SP,2,42,0,4.25,1.52,1608
577,David Rollins,SEA,RP,2,35,0,4.44,1.41,1604
549,Preston Guilmet,TOR,RP,1,24,0,4.54,1.25,1602
531,Gonzalez Germen,CHC,RP,2,33,0,4.33,1.42,1594
584,Heath Bell,TB,RP,2,36,1,4.62,1.44,1594
574,Mario Hollands,PHI,RP,2,34,0,4.37,1.42,1592
546,Ryan Mattheus,WSH,RP,2,22,0,4.11,1.4,1587
579,Andrew Chafin,ARI,"SP,RP",2,34,0,4.29,1.44,1586
559,Pedro Villarreal,CIN,RP,2,24,0,4.51,1.35,1586
553,Kevin Gregg,CIN,RP,2,33,0,4.32,1.43,1582
550,Michael Kohn,LAA,RP,1,38,0,4.02,1.44,1574
551,Fernando Rodriguez,OAK,RP,1,21,0,3.87,1.36,1573
631,John Gast,FA,SP,3,28,0,4.67,1.44,1570
635,Kevin Slowey,MIA,RP,2,39,0,4.78,1.42,1556
541,Jorge Rondon,COL,RP,2,20,0,4.21,1.38,1555
600,Nick Masset,COL,RP,2,33,0,4.12,1.53,1545
563,Alfredo Figaro,MIL,RP,2,23,0,4.49,1.36,1541
565,Matt Daley,NYY,RP,1,24,0,4.66,1.26,1536
744,Scott Carroll,CWS,"SP,RP",3,37,0,5.04,1.51,1536
613,Patrick McCoy,BAL,RP,1,6,0,3.6,1.4,1531
667,Kameron Loe,SF,"SP,RP",3,30,1,5.15,1.49,1528
582,Matt Stites,ARI,RP,1,33,0,4.45,1.35,1528
688,Aaron Brooks,KC,"P,SP,RP",3,27,0,5.27,1.41,1518
567,Curtis Partch,CIN,RP,2,28,0,4.14,1.48,1516
557,Tayron Guerrero,SD,RP,2,27,0,4.14,1.48,1502
571,Jose Cisnero,HOU,RP,1,19,0,4.06,1.35,1500
711,Paul Clemens,HOU,RP,3,36,0,5.31,1.5,1499
560,Jose Dominguez,TB,RP,1,21,0,3.7,1.43,1498
625,Angel Nesbitt,DET,RP,2,36,0,4.62,1.45,1490
583,Seth Rosin,TEX,RP,2,24,0,4.58,1.38,1485
569,Matt West,TOR,RP,2,25,0,4.58,1.39,1478
593,Kevin Chapman,HOU,RP,2,29,0,4.13,1.55,1477
621,Buck Farmer,DET,"P,SP,RP",2,33,0,4.85,1.41,1475
609,Stephen Fife,LAD,"SP,RP",2,29,0,4.38,1.45,1470
727,Bruce Billings,NYY,RP,3,34,0,5.35,1.5,1459
595,Sam Tuivailala,STL,RP,1,13,0,3.74,1.41,1458
713,Donn Roach,CHC,"RP,SP",3,30,0,4.78,1.55,1455
592,Neil Wagner,TOR,RP,1,17,0,3.97,1.38,1455
591,Hector Neris,PHI,RP,2,28,0,4.63,1.41,1450
614,Chad Bettis,COL,RP,2,31,0,4.69,1.43,1442
580,Rob Rasmussen,TOR,RP,1,23,0,4.01,1.4,1442
745,Chris Rusin,COL,RP,3,33,0,5.37,1.5,1441
578,Heath Hembree,BOS,RP,1,32,0,4.22,1.41,1440
668,Randy Wolf,MIA,"SP,RP",2,36,0,4.87,1.45,1434
598,Eric Fornataro,WSH,RP,2,17,0,4.19,1.43,1433
575,Lester Oliveros,MIN,RP,1,23,0,4.03,1.4,1432
572,Cameron Bedrosian,LAA,RP,1,35,0,4.42,1.4,1431
660,Robbie Ray,ARI,"SP,RP",2,37,0,4.8,1.48,1429
700,Miguel Alfredo Gonzalez,PHI,RP,2,42,0,4.84,1.56,1418
594,Taylor Thompson,OAK,RP,1,18,0,3.9,1.41,1414
674,Mitchell Boggs,CWS,RP,2,29,1,4.7,1.5,1398
637,Red Patterson,LAD,SP,2,27,0,4.62,1.44,1389
701,Gus Schlosser,COL,RP,3,28,0,5.04,1.54,1383
586,Ian Thomas,ATL,RP,1,22,0,4.2,1.38,1382
675,Chris Bassitt,OAK,"SP,RP",2,32,0,4.41,1.58,1381
599,Aaron Poreda,TEX,RP,1,15,0,4.18,1.36,1379
678,Clayton Mortensen,KC,RP,2,35,0,4.86,1.48,1379
670,Jonathan Pettibone,PHI,SP,2,28,0,4.52,1.48,1376
602,Ian Krol,DET,RP,1,26,0,4.33,1.39,1366
657,David Martinez,HOU,RP,2,27,0,4.81,1.43,1364
611,Darin Downs,HOU,RP,1,29,0,4.63,1.37,1361
723,Joe Saunders,BAL,"SP,RP",2,36,0,4.96,1.5,1360
633,Dallas Beeler,CHC,"SP,RP",2,21,0,4.49,1.44,1348
714,Yohan Flande,COL,"SP,RP",2,32,0,5.17,1.45,1342
608,Jose Valverde,NYM,RP,1,26,0,4.57,1.37,1336
596,Rich Hill,WSH,RP,1,23,0,4.09,1.44,1335
612,Matt Guerrier,MIN,RP,2,19,0,4.33,1.46,1335
605,Bryan Price,CLE,RP,1,21,0,4.56,1.35,1331
627,Josh Lueke,TB,RP,1,29,0,4.61,1.39,1328
735,Chien-Ming Wang,FA,"SP,RP",3,24,0,5.14,1.53,1327
607,Leonel Campos,SD,RP,1,35,0,4.24,1.51,1324
764,Bradin Hagens,ARI,RP,3,31,0,5.51,1.69,1323
604,C.J. Riefenhauser,TB,RP,1,18,0,4.21,1.39,1315
665,Jake Buchanan,HOU,RP,2,24,0,4.79,1.44,1312
606,Jairo Diaz,COL,RP,2,26,0,4.66,1.47,1308
629,Rudy Owens,HOU,"SP,RP",2,18,0,4.83,1.4,1304
603,Joe Savery,OAK,RP,2,19,0,4.58,1.44,1301
636,Drake Britton,CHC,RP,2,24,0,4.47,1.51,1297
616,Michael Bolsinger,LAD,"SP,RP",1,27,0,4.4,1.42,1286
617,Josh Wall,PIT,RP,1,21,0,4.17,1.43,1280
751,Steve Johnson,BAL,"SP,RP",2,40,0,5.9,1.63,1273
693,Alfredo Aceves,NYY,RP,2,30,0,5.31,1.47,1271
624,Hector Ambriz,SD,RP,1,21,0,4.35,1.4,1265
615,Lucas Luetge,SEA,RP,1,22,0,4.21,1.44,1257
663,Branden Pinder,NYY,RP,2,27,0,5.1,1.47,1254
644,Carlos Marmol,MIA,RP,1,34,2,4.61,1.62,1254
699,Bo Schultz,TOR,RP,2,27,0,5.06,1.48,1246
741,Bryan Mitchell,NYY,"P,RP",2,35,0,5.36,1.58,1236
622,Chad Smith,OAK,RP,2,19,0,4.73,1.45,1235
641,Blake Wood,CLE,RP,2,23,0,4.48,1.6,1232
652,Drew VerHagen,DET,"SP,RP",2,18,0,4.72,1.45,1228
762,Logan Darnell,MIN,"SP,RP",2,36,0,6.13,1.59,1222
768,Josh Stinson,BAL,RP,2,37,0,6.03,1.65,1221
690,Jim Miller,NYY,RP,2,30,0,5.24,1.54,1207
692,Brad Mills,TOR,"SP,RP",2,27,0,5.27,1.49,1207
750,Alex White,HOU,SP,2,33,0,5.35,1.61,1206
659,B.J. Rosenberg,PHI,RP,2,25,0,4.98,1.5,1203
669,Ethan Martin,PHI,RP,1,36,0,4.76,1.5,1199
746,Ryan Rowland-Smith,ARI,RP,2,31,0,5.49,1.53,1197
683,Aaron Thompson,MIN,RP,2,25,0,4.86,1.52,1196
628,Scott Rice,NYM,RP,1,21,0,4.21,1.47,1195
650,Evan Meek,WSH,RP,2,20,0,4.72,1.49,1195
730,Kyle Ryan,DET,RP,2,25,0,5.34,1.47,1188
694,Jorge De Leon,OAK,RP,2,25,0,4.99,1.51,1188
691,Nate Adcock,TEX,RP,2,23,0,4.94,1.49,1186
647,Kyle Farnsworth,HOU,RP,1,22,2,4.58,1.48,1185
697,Jose Alvarez,LAA,RP,2,19,0,5.27,1.44,1180
720,Blake Beavan,SEA,"SP,RP",2,19,0,5.62,1.42,1178
753,John Lannan,NYM,RP,3,20,0,5.96,1.63,1176
749,Kris Johnson,MIN,"SP,RP",2,31,0,5.31,1.65,1174
719,Anthony Bass,TEX,RP,1,30,1,5.32,1.45,1174
649,Arodys Vizcaino,ATL,RP,1,28,0,4.53,1.48,1171
739,Erik Johnson,CWS,"SP,RP",2,29,0,5.31,1.61,1167
710,Justin Marks,KC,RP,2,26,0,4.98,1.58,1165
708,Michael Mariot,KC,RP,2,27,0,5.22,1.55,1164
632,Joe Paterson,ARI,RP,1,15,0,4.19,1.46,1164
640,Wei-Chung Wang,MIL,RP,1,17,0,5.03,1.36,1161
654,Chris Leroux,NYY,RP,2,20,0,5.14,1.47,1158
705,Michael Kirkman,TEX,RP,2,27,0,5.16,1.64,1142
733,Mark Hamburger,MIN,RP,2,26,0,5.24,1.59,1129
643,Carlos Contreras,CIN,RP,1,24,0,4.39,1.51,1120
754,Daniel Corcino,CIN,"SP,RP",2,29,0,6.15,1.64,1111
760,Ryan Feierabend,TEX,"RP,SP",2,26,0,5.97,1.54,1100
758,Scott Snodgress,CWS,RP,2,28,0,5.69,1.66,1100
742,Jeff Manship,CLE,RP,2,26,0,5.37,1.63,1091
718,Jose Ortega,DET,RP,2,26,0,5.34,1.69,1082
662,Mark Lowe,CLE,RP,1,25,0,4.58,1.51,1080
639,Justin Miller,DET,RP,1,15,0,4.55,1.44,1079
623,Zach Rosscup,CHC,RP,1,20,0,4.41,1.5,1072
666,Shawn Camp,PHI,RP,1,19,1,4.79,1.48,1068
734,Maikel Cleto,CWS,RP,1,37,0,5.31,1.65,1061
722,Jason Garcia,BAL,SP,2,22,0,5.3,1.62,1059
648,Ramon Ramirez,BAL,RP,1,19,0,4.52,1.48,1058
724,Billy Buckner,SD,"SP,RP",2,22,0,5.45,1.56,1056
677,Evan Reed,DET,RP,1,25,0,4.64,1.51,1055
770,Johnny Hellweg,MIL,SP,2,25,0,5.66,1.85,1047
704,Nick Christiani,CIN,RP,2,16,0,5.17,1.58,1037
715,Elvis Araujo,PHI,RP,1,29,0,4.98,1.6,1009
671,Casey Coleman,KC,RP,1,17,0,4.52,1.51,1008
752,Michael Roth,LAA,RP,2,21,0,5.75,1.68,999
687,Ryan Buchter,ATL,RP,1,26,0,4.67,1.67,992
755,Graham Godfrey,FA,SP,2,19,0,5.94,1.62,989
763,Jair Jurrjens,COL,"SP,RP",2,21,0,6.16,1.67,987
676,Bobby Korecky,TOR,RP,1,17,0,4.91,1.45,985
679,Pedro Beato,ATL,RP,1,22,0,4.9,1.5,973
725,Daniel McCutchen,TEX,RP,1,23,0,5.61,1.46,955
748,Henry Rodriguez,ARI,RP,1,24,2,5.89,2.03,938
702,Stephen Pryor,MIN,RP,1,24,0,4.92,1.62,936
743,Phillippe Aumont,PHI,RP,1,28,0,5.29,1.77,923
703,Kevin Whelan,DET,RP,1,23,0,4.94,1.61,921
709,Kyle Drabek,CWS,RP,1,23,0,5.2,1.53,918
653,Frank Francisco,CWS,RP,1,16,0,5.22,1.47,913
706,Josh Zeid,DET,RP,1,24,0,5.31,1.55,912
761,Nick Maronde,CLE,RP,1,30,0,6.29,1.78,905
698,Luke Putkonen,DET,RP,1,14,0,4.81,1.61,867
726,Onelki Garcia,CWS,RP,1,22,0,5.36,1.72,821
664,Wilking Rodriguez,KC,RP,1,10,0,5.19,1.56,820
716,Trevor Bell,CIN,RP,1,14,0,5.17,1.63,808
738,Melvin Mercedes,DET,RP,1,15,0,5.83,1.52,803
717,Felipe Paulino,CWS,SP,1,16,0,5.31,1.65,793
736,Brad Penny,MIA,"SP,RP",1,14,0,5.6,1.63,764
766,Casey Crosby,DET,SP,1,20,0,6.32,1.93,763
721,Pedro Figueroa,TEX,RP,1,12,0,5.75,1.69,739
737,Pedro Hernandez,COL,"SP,RP",1,6,0,7.36,1.91,712
707,Jon Edwards,TEX,RP,0,10,0,4.92,1.91,710
747,Charles Leesman,CWS,"SP,RP",0,6,0,7.8,2.33,610
